id,name,gender,age,birthDate,address
a8617b12-2620-4c55-989d-ae4f924e61f5,강하연,Female,25,2000-11-19,광주 동구 21길 25
bc5b33e3-3faf-485f-9d80-0ebdb95c09bc,이한결,Male,41,1984-09-11,대구 서구 45길 23
696a62a4-4b65-46d4-9602-fc28530b37d0,조승민,Male,34,1991-10-16,서울 서구 38길 85
1cfee8ac-4dda-4903-b104-1f10ef61d31d,윤서율,Female,32,1993-11-28,대구 서구 7길 9
5450f46f-35f5-41b7-8fec-9a506c29b4fd,박태현,Male,34,1991-06-15,부산 중구 18길 68
050a4bc5-a27a-4aee-9392-9a23e18b19c2,최하린,Female,16,2009-05-21,대전 북구 22길 30
f4a87176-404c-4e7c-8612-266c824f29a9,정나연,Female,38,1987-09-30,대전 동구 2길 9
34a589ee-013c-44f1-8b62-b9de2e299bea,장준영,Male,43,1982-04-16,부산 북구 60길 99
1c7677a4-66a8-4198-b54e-0c24957ece17,김태윤,Male,29,1996-04-21,부산 서구 36길 95
52590a55-8819-4d45-b309-02b88571b5ac,임다인,Female,20,2005-09-16,울산 중구 41길 20
bd37dbd2-1125-4910-bda7-7da2a0b91e05,김준호,Male,35,1990-06-09,대전 북구 16길 47
26c759e8-dcb0-4c29-ad8c-e91798a19f56,윤지호,Male,43,1982-03-19,광주 남구 94길 44
b90fe304-7834-4ad7-a112-e2ff5d3cfb00,정민우,Male,34,1991-11-06,울산 중구 37길 12
5560b320-cb98-43ae-905d-d29f649a2707,김주하,Female,37,1988-09-13,대구 중구 47길 76
ed0a1bb0-4ce6-408a-aff8-3ead3a1ca806,강민성,Male,23,2002-09-23,인천 동구 36길 1
f2ff12cf-906b-47ea-a861-b14ee7fbe424,윤로운,Male,34,1991-04-26,대전 동구 96길 56
692b9a77-8bb3-4f5f-a40c-caef251d00bb,장윤지,Female,45,1980-01-31,울산 서구 32길 92
1bf93ef4-82d0-4604-8678-725a110da185,김도윤,Male,30,1995-11-08,서울 서구 80길 4
ab31db0e-4b56-4cf0-84a7-34f4b9e56806,박서희,Female,32,1993-01-17,광주 남구 98길 96
82ecedcf-0828-4755-95cd-7277681db734,이지율,Male,29,1996-09-18,울산 서구 37길 66
583c1531-4aaa-4b2b-a598-1e82e144d8a3,임아영,Female,42,1983-02-17,대전 동구 8길 1
7b9a7322-5bab-46c8-8d25-07cfcf2c06c8,김다은,Female,45,1980-10-16,광주 북구 82길 56
ca26d49a-d83c-4b3c-8b7a-5c1366c1a917,임승우,Male,23,2002-10-24,울산 동구 59길 34
7ae161ae-87c3-45c6-8ccb-20aaaadc1af6,조준영,Male,38,1987-04-08,광주 서구 21길 79
616b8d4c-ad5f-47d3-b388-ed81bee208f7,김우주,Male,18,2007-04-19,서울 북구 64길 79
3fdc04e6-3d2b-49a6-800e-3ae288647d6c,장은서,Female,19,2006-06-19,울산 동구 15길 84
aef5fc86-1444-468f-b413-b732a13b0d00,이규민,Male,43,1982-09-30,대구 중구 11길 98
65924d13-3e4b-411c-a751-49fce0d3ce56,장시온,Male,37,1988-08-31,서울 북구 71길 52
f0073843-4b95-4a51-ab3c-c0cb0ed9177c,임지현,Female,18,2007-11-23,광주 남구 39길 46
4d910575-4af1-4704-a49f-39c29a9c3ef1,조주안,Male,45,1980-12-17,광주 동구 32길 66
d3cb55b1-37bd-443e-b84d-59c66d44e0c4,이예린,Female,27,1998-06-22,서울 서구 51길 55
55ff7aef-ecbb-46ed-8e97-3e047ad09b17,장은채,Female,35,1990-10-11,울산 남구 89길 99
0f65c678-a409-41e7-a994-81cc7c4ded1c,이지민,Male,42,1983-02-07,대전 동구 79길 87
8ddf9dfb-5895-4ae8-9907-95077ca8d9c1,장준호,Male,30,1995-08-06,울산 서구 20길 24
4e41c00e-89d0-4e73-a096-8db68d5a3325,윤수호,Male,26,1999-09-08,부산 북구 76길 27
1cb5a045-fd05-4eea-afe7-dd5daf9f2e0d,박재현,Male,43,1982-09-20,인천 중구 71길 21
fc3fe5c3-f01a-47eb-ac98-732a4fce528c,박지환,Male,31,1994-08-28,대구 중구 13길 56
c5ea7380-da32-4c12-87c9-8ec2fc136f5f,이서연,Female,36,1989-09-13,울산 남구 19길 10
607dd8bf-7f0a-4872-b45a-c6e863867a18,박태양,Male,19,2006-01-08,광주 중구 15길 69
beb21312-4d9d-40c6-9b36-8a3270bae911,정민규,Male,33,1992-03-03,광주 서구 77길 72
c7cd7afc-79bd-4426-a413-84d21cfa69da,이지성,Male,37,1988-01-25,부산 서구 55길 59
0df2cc77-0fc1-41ae-b44d-cf2432bb52ec,정소민,Female,22,2003-05-29,부산 서구 57길 26
e9f5ac14-2a79-441e-a72e-d2a8d51f1dc6,장재윤,Male,32,1993-04-04,울산 중구 82길 42
a7d32b8d-415d-4a84-9f07-bbf3be0ef178,임나현,Female,20,2005-05-22,부산 서구 21길 38
cc735b69-d249-4448-9c3d-02b9f7cd4e9f,최유준,Male,23,2002-01-02,광주 동구 23길 49
8c39006b-6f39-473c-a613-8f3afe532d6e,이연우,Female,43,1982-06-11,서울 북구 8길 99
f35a692b-b216-4de7-9a92-e724b69a52db,김윤서,Female,22,2003-06-15,인천 남구 67길 35
a0a187ed-c6c3-4ce9-ad1a-4bdf3be6b824,이가은,Female,18,2007-01-30,대전 동구 71길 86
03b2cef1-be15-424d-82db-3e0eda340135,최승민,Male,27,1998-08-30,부산 서구 82길 43
a5cb9f9f-6ab4-4250-bce8-df62da079983,최하율,Female,43,1982-03-04,인천 서구 69길 41
b7ee2cee-0407-468c-9661-19ccdfb1fa9c,김지환,Male,31,1994-06-02,부산 서구 47길 45
07aac4ac-beef-49d3-a6c7-d30519c49ea7,김지유,Female,35,1990-05-08,대전 동구 17길 14
61a9a8ff-d8a4-40bc-a830-6905de78d66b,임도훈,Male,17,2008-08-10,부산 남구 19길 62
9eaa4cbf-7a80-42d1-9628-317a9a178d1f,김준영,Male,40,1985-03-18,부산 동구 48길 54
947e84a9-7d86-4644-a493-51a46a971f95,최이준,Male,35,1990-09-21,광주 남구 11길 49
3896bd35-6f39-4732-888b-6b05787fdf2b,장지원,Male,31,1994-12-29,대전 동구 92길 78
8318f2c5-90c7-449f-8985-1460fdc4f8e4,강승준,Male,28,1997-05-15,대전 서구 28길 29
d422f7a1-969e-4244-bf2b-628d29ef7eb1,정다온,Male,37,1988-01-25,부산 서구 52길 53
50fa0caf-cfe5-4557-80cb-a27b53cc0a66,정유빈,Female,33,1992-06-04,부산 동구 40길 54
fda74ac7-4fec-49d7-b39e-58898d8c1eda,정윤우,Male,36,1989-07-01,울산 중구 47길 16
9123d5ff-fdf7-4527-befe-aba03e808f45,조예찬,Male,37,1988-10-16,대구 서구 8길 50
bf183fce-a689-4124-b1ac-e2143d3c0e9d,이은채,Female,25,2000-10-30,울산 중구 74길 76
a667c610-17f9-4d33-8864-aa8e18dbb066,김하연,Female,30,1995-01-19,서울 중구 96길 47
c5b50298-6dfe-49e0-94d9-efa2b9b92758,김준우,Male,23,2002-04-27,광주 중구 1길 86
a4440cf5-a124-4fb0-8fd0-6931cf303660,정지호,Male,29,1996-03-30,대전 북구 55길 98
b90a1387-a011-4ea8-b4d3-6288c7451ee7,최윤성,Male,37,1988-10-07,광주 서구 10길 54
e1ca4444-2976-4792-b1aa-294b8d367291,이도훈,Male,20,2005-03-04,대구 서구 66길 29
48fcd3a7-fcfa-4ab0-a6a9-6e7bf5e44997,박재민,Male,28,1997-03-30,부산 중구 2길 82
0eae9933-bc68-451c-93df-6ebb8abbbc39,윤리아,Female,17,2008-07-23,서울 서구 90길 82
adef5d10-d371-4b85-99cf-5e0676e6c97d,조지원,Male,25,2000-06-17,울산 서구 72길 65
b605cce0-8ac7-4fb9-9da8-29de0ae52b53,최도현,Male,25,2000-01-15,광주 중구 41길 18
f685b986-4678-4cd0-bdb9-db7743d11017,윤지원,Male,23,2002-09-05,부산 중구 16길 76
d0ea4b29-b14b-4f87-bb34-148696c26897,강윤성,Male,37,1988-02-27,광주 남구 81길 13
56ea0eeb-86be-4da6-8faa-b74b0edd046c,조수연,Female,25,2000-03-26,부산 중구 1길 70
8a9b13f0-939e-441c-a7b3-e1e96fb393a1,박리아,Female,31,1994-12-12,대전 중구 43길 88
cc73a791-c159-4b91-b04f-6c9a043ddba9,조아린,Female,33,1992-08-25,울산 중구 64길 20
0a728393-3e55-4569-9236-da65a6311757,임연서,Female,27,1998-01-27,울산 동구 38길 42
10748876-8d4d-4057-a6e3-658cb74782c9,김성민,Male,43,1982-07-24,광주 남구 57길 8
3931beb2-7108-4725-a68d-f9ed0f5d867e,김나윤,Female,43,1982-09-09,인천 서구 4길 68
0b536ba2-828d-4c17-b204-bc9e9b9cded1,김주원,Male,32,1993-04-26,인천 북구 46길 27
b6719ee3-c2b5-4f77-be53-974d27b7309a,임윤지,Female,18,2007-12-01,대전 북구 63길 16
a3dcf373-b0e6-437f-bbbb-fff2b4a4099a,정서연,Female,33,1992-04-04,부산 북구 95길 97
35b73f23-2ef2-4888-ac9c-3ab30da6d8bd,강승현,Male,44,1981-10-21,인천 북구 1길 63
0f693e39-510d-48e5-b8c1-678603f373d7,장다온,Male,18,2007-07-30,광주 북구 27길 60
4eca1842-36de-4eba-a23e-110bb27bc4f4,장은호,Male,30,1995-01-30,광주 동구 3길 69
e73cb760-13d1-43e5-bf1b-60c5e71d520d,조지원,Female,33,1992-12-24,울산 동구 73길 5
d43e93e6-7d41-4392-bb7e-2182fba7054b,김지아,Female,26,1999-06-23,대전 북구 52길 59
e38d2f1e-6efa-4880-b9d9-9e90edb06458,조예지,Female,19,2006-02-20,울산 중구 86길 99
67f99c77-64b4-4d4e-b79e-774b1c5d71a5,임민찬,Male,44,1981-04-20,대전 중구 10길 71
7d68dfc8-4d1a-4c7c-8ec6-23d9696ecf49,임지후,Male,32,1993-01-11,대구 중구 20길 23
c9ae1a53-9870-47a9-9292-5eef1555a6e7,정시후,Male,29,1996-06-29,광주 동구 75길 99
c6d9411c-8f36-4688-a0ef-65d221260135,임도윤,Male,17,2008-06-20,대전 동구 3길 16
5ea24ab1-d90d-4922-aece-dc8e438c0a49,정정민,Male,37,1988-06-18,울산 남구 15길 95
a72be077-72df-41b9-bcb8-8c5218038456,최지안,Female,19,2006-01-07,부산 동구 62길 87
64b78556-2b70-408e-a246-16fc9f98f934,박수빈,Female,33,1992-08-26,부산 중구 39길 94
511a8b9a-63cb-423d-a0fa-93d13a008640,박유나,Female,25,2000-04-20,대전 서구 99길 63
a4449b44-be05-43b9-9c12-762d5a07fa78,윤예린,Female,23,2002-08-03,인천 북구 90길 90
af60d8e7-cbc9-498a-9dfd-95dbc815e37e,임지훈,Male,17,2008-04-25,서울 서구 15길 34
a2b0b88e-b156-436e-8299-63fd1676c225,김다인,Female,43,1982-03-13,울산 남구 26길 70
f9208e43-21b3-4d29-bd11-7dc637842eec,최지성,Male,42,1983-12-12,서울 서구 94길 13
